Control Family,Main Control,Combined,Related Controls,n_TotalControls,n_Controls_by_Fam,Ratio_Controls
AC,AC-1,AC-1-0,PM-9,291,37,0.12714776632302405
AC,AC-11,AC-11-0,AC-7,291,37,0.12714776632302405
AC,AC-12,AC-12-0,SC-10,291,37,0.12714776632302405
AC,AC-12,AC-12-0,SC-23,291,37,0.12714776632302405
AC,AC-14,AC-14-0,CP-2,291,37,0.12714776632302405
AC,AC-14,AC-14-0,IA-2,291,37,0.12714776632302405
AC,AC-17,AC-17-0,AC-2,291,37,0.12714776632302405
AC,AC-17,AC-17-0,AC-3,291,37,0.12714776632302405
AC,AC-17,AC-17-0,AC-18,291,37,0.12714776632302405
AC,AC-17,AC-17-0,AC-19,291,37,0.12714776632302405
AC,AC-17,AC-17-0,AC-20,291,37,0.12714776632302405
AC,AC-17,AC-17-0,CA-3,291,37,0.12714776632302405
AC,AC-17,AC-17-0,CA-7,291,37,0.12714776632302405
AC,AC-17,AC-17-0,CM-8,291,37,0.12714776632302405
AC,AC-17,AC-17-0,IA-2,291,37,0.12714776632302405
AC,AC-17,AC-17-0,IA-3,291,37,0.12714776632302405
AC,AC-17,AC-17-0,IA-8,291,37,0.12714776632302405
AC,AC-17,AC-17-0,MA-4,291,37,0.12714776632302405
AC,AC-17,AC-17-0,PE-17,291,37,0.12714776632302405
AC,AC-17,AC-17-0,PL-4,291,37,0.12714776632302405
AC,AC-17,AC-17-0,SC-10,291,37,0.12714776632302405
AC,AC-17,AC-17-0,SI-4,291,37,0.12714776632302405
AC,AC-17,AC-17-1,AU-2,291,37,0.12714776632302405
AC,AC-17,AC-17-1,AU-12,291,37,0.12714776632302405
AC,AC-17,AC-17-2,SC-8,291,37,0.12714776632302405
AC,AC-17,AC-17-2,SC-12,291,37,0.12714776632302405
AC,AC-17,AC-17-2,SC-13,291,37,0.12714776632302405
AC,AC-17,AC-17-3,SC-7,291,37,0.12714776632302405
AC,AC-17,AC-17-4,AC-6,291,37,0.12714776632302405
AC,AC-18,AC-18-0,AC-2,291,37,0.12714776632302405
AC,AC-18,AC-18-0,AC-3,291,37,0.12714776632302405
AC,AC-18,AC-18-0,AC-17,291,37,0.12714776632302405
AC,AC-18,AC-18-0,AC-19,291,37,0.12714776632302405
AC,AC-18,AC-18-0,CA-3,291,37,0.12714776632302405
AC,AC-18,AC-18-0,CA-7,291,37,0.12714776632302405
AC,AC-18,AC-18-0,CM-8,291,37,0.12714776632302405
AC,AC-18,AC-18-0,IA-2,291,37,0.12714776632302405
AC,AC-18,AC-18-0,IA-3,291,37,0.12714776632302405
AC,AC-18,AC-18-0,IA-8,291,37,0.12714776632302405
AC,AC-18,AC-18-0,PL-4,291,37,0.12714776632302405
AC,AC-18,AC-18-0,SI-4,291,37,0.12714776632302405
AC,AC-18,AC-18-1,SC-8,291,37,0.12714776632302405
AC,AC-18,AC-18-1,SC-13,291,37,0.12714776632302405
AC,AC-18,AC-18-3,AC-19,291,37,0.12714776632302405
AC,AC-18,AC-18-4,AC-3,291,37,0.12714776632302405
AC,AC-18,AC-18-4,SC-15,291,37,0.12714776632302405
AC,AC-18,AC-18-5,PE-19,291,37,0.12714776632302405
AC,AC-19,AC-19-0,AC-3,291,37,0.12714776632302405
AC,AC-19,AC-19-0,AC-7,291,37,0.12714776632302405
AC,AC-19,AC-19-0,AC-18,291,37,0.12714776632302405
AC,AC-19,AC-19-0,AC-20,291,37,0.12714776632302405
AC,AC-19,AC-19-0,CA-9,291,37,0.12714776632302405
AC,AC-19,AC-19-0,CM-2,291,37,0.12714776632302405
AC,AC-19,AC-19-0,IA-2,291,37,0.12714776632302405
AC,AC-19,AC-19-0,IA-3,291,37,0.12714776632302405
AC,AC-19,AC-19-0,MP-2,291,37,0.12714776632302405
AC,AC-19,AC-19-0,MP-4,291,37,0.12714776632302405
AC,AC-19,AC-19-0,MP-5,291,37,0.12714776632302405
AC,AC-19,AC-19-0,PL-4,291,37,0.12714776632302405
AC,AC-19,AC-19-0,SC-7,291,37,0.12714776632302405
AC,AC-19,AC-19-0,SC-43,291,37,0.12714776632302405
AC,AC-19,AC-19-0,SI-3,291,37,0.12714776632302405
AC,AC-19,AC-19-0,SI-4,291,37,0.12714776632302405
AC,AC-19,AC-19-5,MP-5,291,37,0.12714776632302405
AC,AC-19,AC-19-5,SC-13,291,37,0.12714776632302405
AC,AC-19,AC-19-5,SC-28,291,37,0.12714776632302405
AC,AC-2,AC-2-0,AC-3,291,37,0.12714776632302405
AC,AC-2,AC-2-0,AC-4,291,37,0.12714776632302405
AC,AC-2,AC-2-0,AC-5,291,37,0.12714776632302405
AC,AC-2,AC-2-0,AC-6,291,37,0.12714776632302405
AC,AC-2,AC-2-0,AC-10,291,37,0.12714776632302405
AC,AC-2,AC-2-0,AC-17,291,37,0.12714776632302405
AC,AC-2,AC-2-0,AC-19,291,37,0.12714776632302405
AC,AC-2,AC-2-0,AC-20,291,37,0.12714776632302405
AC,AC-2,AC-2-0,AU-9,291,37,0.12714776632302405
AC,AC-2,AC-2-0,IA-2,291,37,0.12714776632302405
AC,AC-2,AC-2-0,IA-4,291,37,0.12714776632302405
AC,AC-2,AC-2-0,IA-5,291,37,0.12714776632302405
AC,AC-2,AC-2-0,IA-8,291,37,0.12714776632302405
AC,AC-2,AC-2-0,CM-5,291,37,0.12714776632302405
AC,AC-2,AC-2-0,CM-6,291,37,0.12714776632302405
AC,AC-2,AC-2-0,CM-11,291,37,0.12714776632302405
AC,AC-2,AC-2-0,MA-3,291,37,0.12714776632302405
AC,AC-2,AC-2-0,MA-4,291,37,0.12714776632302405
AC,AC-2,AC-2-0,MA-5,291,37,0.12714776632302405
AC,AC-2,AC-2-0,PL-4,291,37,0.12714776632302405
AC,AC-2,AC-2-0,SC-13,291,37,0.12714776632302405
AC,AC-2,AC-2-12,CA-7,291,37,0.12714776632302405
AC,AC-2,AC-2-13,PS-4,291,37,0.12714776632302405
AC,AC-2,AC-2-4,AU-2,291,37,0.12714776632302405
AC,AC-2,AC-2-4,AU-12,291,37,0.12714776632302405
AC,AC-2,AC-2-5,SC-23,291,37,0.12714776632302405
AC,AC-20,AC-20-0,AC-3,291,37,0.12714776632302405
AC,AC-20,AC-20-0,AC-17,291,37,0.12714776632302405
AC,AC-20,AC-20-0,AC-19,291,37,0.12714776632302405
AC,AC-20,AC-20-0,CA-3,291,37,0.12714776632302405
AC,AC-20,AC-20-0,PL-4,291,37,0.12714776632302405
AC,AC-20,AC-20-0,SA-9,291,37,0.12714776632302405
AC,AC-20,AC-20-1,CA-2,291,37,0.12714776632302405
AC,AC-21,AC-21-0,AC-3,291,37,0.12714776632302405
AC,AC-22,AC-22-0,AC-3,291,37,0.12714776632302405
AC,AC-22,AC-22-0,AC-4,291,37,0.12714776632302405
AC,AC-22,AC-22-0,AT-2,291,37,0.12714776632302405
AC,AC-22,AC-22-0,AT-3,291,37,0.12714776632302405
AC,AC-22,AC-22-0,AU-13,291,37,0.12714776632302405
AC,AC-3,AC-3-0,AC-2,291,37,0.12714776632302405
AC,AC-3,AC-3-0,AC-4,291,37,0.12714776632302405
AC,AC-3,AC-3-0,AC-5,291,37,0.12714776632302405
AC,AC-3,AC-3-0,AC-6,291,37,0.12714776632302405
AC,AC-3,AC-3-0,AC-16,291,37,0.12714776632302405
AC,AC-3,AC-3-0,AC-17,291,37,0.12714776632302405
AC,AC-3,AC-3-0,AC-18,291,37,0.12714776632302405
AC,AC-3,AC-3-0,AC-19,291,37,0.12714776632302405
AC,AC-3,AC-3-0,AC-20,291,37,0.12714776632302405
AC,AC-3,AC-3-0,AC-21,291,37,0.12714776632302405
AC,AC-3,AC-3-0,AC-22,291,37,0.12714776632302405
AC,AC-3,AC-3-0,AU-9,291,37,0.12714776632302405
AC,AC-3,AC-3-0,CM-5,291,37,0.12714776632302405
AC,AC-3,AC-3-0,CM-6,291,37,0.12714776632302405
AC,AC-3,AC-3-0,CM-11,291,37,0.12714776632302405
AC,AC-3,AC-3-0,MA-3,291,37,0.12714776632302405
AC,AC-3,AC-3-0,MA-4,291,37,0.12714776632302405
AC,AC-3,AC-3-0,MA-5,291,37,0.12714776632302405
AC,AC-3,AC-3-0,PE-3,291,37,0.12714776632302405
AC,AC-4,AC-4-0,AC-3,291,37,0.12714776632302405
AC,AC-4,AC-4-0,AC-17,291,37,0.12714776632302405
AC,AC-4,AC-4-0,AC-19,291,37,0.12714776632302405
AC,AC-4,AC-4-0,AC-21,291,37,0.12714776632302405
AC,AC-4,AC-4-0,CM-6,291,37,0.12714776632302405
AC,AC-4,AC-4-0,CM-7,291,37,0.12714776632302405
AC,AC-4,AC-4-0,SA-8,291,37,0.12714776632302405
AC,AC-4,AC-4-0,SC-2,291,37,0.12714776632302405
AC,AC-4,AC-4-0,SC-5,291,37,0.12714776632302405
AC,AC-4,AC-4-0,SC-7,291,37,0.12714776632302405
AC,AC-4,AC-4-0,SC-18,291,37,0.12714776632302405
AC,AC-5,AC-5-0,AC-3,291,37,0.12714776632302405
AC,AC-5,AC-5-0,AC-6,291,37,0.12714776632302405
AC,AC-5,AC-5-0,PE-3,291,37,0.12714776632302405
AC,AC-5,AC-5-0,PE-4,291,37,0.12714776632302405
AC,AC-5,AC-5-0,PS-2,291,37,0.12714776632302405
AC,AC-6,AC-6-0,AC-2,291,37,0.12714776632302405
AC,AC-6,AC-6-0,AC-3,291,37,0.12714776632302405
AC,AC-6,AC-6-0,AC-5,291,37,0.12714776632302405
AC,AC-6,AC-6-0,CM-6,291,37,0.12714776632302405
AC,AC-6,AC-6-0,CM-7,291,37,0.12714776632302405
AC,AC-6,AC-6-0,PL-2,291,37,0.12714776632302405
AC,AC-6,AC-6-1,AC-17,291,37,0.12714776632302405
AC,AC-6,AC-6-1,AC-18,291,37,0.12714776632302405
AC,AC-6,AC-6-1,AC-19,291,37,0.12714776632302405
AC,AC-6,AC-6-2,PL-4,291,37,0.12714776632302405
AC,AC-6,AC-6-3,AC-17,291,37,0.12714776632302405
AC,AC-6,AC-6-5,CM-6,291,37,0.12714776632302405
AC,AC-6,AC-6-7,CA-7,291,37,0.12714776632302405
AC,AC-6,AC-6-9,AU-2,291,37,0.12714776632302405
AC,AC-7,AC-7-0,AC-2,291,37,0.12714776632302405
AC,AC-7,AC-7-0,AC-9,291,37,0.12714776632302405
AC,AC-7,AC-7-0,AC-14,291,37,0.12714776632302405
AC,AC-7,AC-7-0,IA-5,291,37,0.12714776632302405
AC,AC-7,AC-7-2,AC-19,291,37,0.12714776632302405
AC,AC-7,AC-7-2,MP-5,291,37,0.12714776632302405
AC,AC-7,AC-7-2,MP-6,291,37,0.12714776632302405
AC,AC-7,AC-7-2,SC-13,291,37,0.12714776632302405
SC,SC-1,SC-1-0,PM-9,291,28,0.09621993127147767
SC,SC-12,SC-12-0,SC-13,291,28,0.09621993127147767
SC,SC-12,SC-12-0,SC-17,291,28,0.09621993127147767
SC,SC-13,SC-13-0,AC-2,291,28,0.09621993127147767
SC,SC-13,SC-13-0,AC-3,291,28,0.09621993127147767
SC,SC-13,SC-13-0,AC-7,291,28,0.09621993127147767
SC,SC-13,SC-13-0,AC-17,291,28,0.09621993127147767
SC,SC-13,SC-13-0,AC-18,291,28,0.09621993127147767
SC,SC-13,SC-13-0,AU-9,291,28,0.09621993127147767
SC,SC-13,SC-13-0,AU-10,291,28,0.09621993127147767
SC,SC-13,SC-13-0,CM-11,291,28,0.09621993127147767
SC,SC-13,SC-13-0,CP-9,291,28,0.09621993127147767
SC,SC-13,SC-13-0,IA-3,291,28,0.09621993127147767
SC,SC-13,SC-13-0,IA-7,291,28,0.09621993127147767
SC,SC-13,SC-13-0,MA-4,291,28,0.09621993127147767
SC,SC-13,SC-13-0,MP-2,291,28,0.09621993127147767
SC,SC-13,SC-13-0,MP-4,291,28,0.09621993127147767
SC,SC-13,SC-13-0,MP-5,291,28,0.09621993127147767
SC,SC-13,SC-13-0,SA-4,291,28,0.09621993127147767
SC,SC-13,SC-13-0,SC-8,291,28,0.09621993127147767
SC,SC-13,SC-13-0,SC-12,291,28,0.09621993127147767
SC,SC-13,SC-13-0,SC-28,291,28,0.09621993127147767
SC,SC-13,SC-13-0,SI-7,291,28,0.09621993127147767
SC,SC-15,SC-15-0,AC-21,291,28,0.09621993127147767
SC,SC-17,SC-17-0,SC-12,291,28,0.09621993127147767
SC,SC-18,SC-18-0,AU-2,291,28,0.09621993127147767
SC,SC-18,SC-18-0,AU-12,291,28,0.09621993127147767
SC,SC-18,SC-18-0,CM-2,291,28,0.09621993127147767
SC,SC-18,SC-18-0,CM-6,291,28,0.09621993127147767
SC,SC-18,SC-18-0,SI-3,291,28,0.09621993127147767
SC,SC-19,SC-19-0,CM-6,291,28,0.09621993127147767
SC,SC-19,SC-19-0,SC-7,291,28,0.09621993127147767
SC,SC-19,SC-19-0,SC-15,291,28,0.09621993127147767
SC,SC-2,SC-2-0,SA-4,291,28,0.09621993127147767
SC,SC-2,SC-2-0,SA-8,291,28,0.09621993127147767
SC,SC-2,SC-2-0,SC-3,291,28,0.09621993127147767
SC,SC-20,SC-20-0,AU-10,291,28,0.09621993127147767
SC,SC-20,SC-20-0,SC-8,291,28,0.09621993127147767
SC,SC-20,SC-20-0,SC-12,291,28,0.09621993127147767
SC,SC-20,SC-20-0,SC-13,291,28,0.09621993127147767
SC,SC-20,SC-20-0,SC-21,291,28,0.09621993127147767
SC,SC-20,SC-20-0,SC-22,291,28,0.09621993127147767
SC,SC-21,SC-21-0,SC-20,291,28,0.09621993127147767
SC,SC-21,SC-21-0,SC-22,291,28,0.09621993127147767
SC,SC-22,SC-22-0,SC-2,291,28,0.09621993127147767
SC,SC-22,SC-22-0,SC-20,291,28,0.09621993127147767
SC,SC-22,SC-22-0,SC-21,291,28,0.09621993127147767
SC,SC-22,SC-22-0,SC-24,291,28,0.09621993127147767
SC,SC-23,SC-23-0,SC-8,291,28,0.09621993127147767
SC,SC-23,SC-23-0,SC-10,291,28,0.09621993127147767
SC,SC-23,SC-23-0,SC-11,291,28,0.09621993127147767
SC,SC-24,SC-24-0,CP-2,291,28,0.09621993127147767
SC,SC-24,SC-24-0,CP-10,291,28,0.09621993127147767
SC,SC-24,SC-24-0,CP-12,291,28,0.09621993127147767
SC,SC-24,SC-24-0,SC-7,291,28,0.09621993127147767
SC,SC-24,SC-24-0,SC-22,291,28,0.09621993127147767
SC,SC-28,SC-28-0,AC-3,291,28,0.09621993127147767
SC,SC-28,SC-28-0,AC-6,291,28,0.09621993127147767
SC,SC-28,SC-28-0,CA-7,291,28,0.09621993127147767
SC,SC-28,SC-28-0,CM-3,291,28,0.09621993127147767
SC,SC-28,SC-28-0,CM-5,291,28,0.09621993127147767
SC,SC-28,SC-28-0,CM-6,291,28,0.09621993127147767
SC,SC-28,SC-28-0,PE-3,291,28,0.09621993127147767
SC,SC-28,SC-28-0,SC-8,291,28,0.09621993127147767
SC,SC-28,SC-28-0,SC-13,291,28,0.09621993127147767
SC,SC-28,SC-28-0,SI-3,291,28,0.09621993127147767
SC,SC-28,SC-28-0,SI-7,291,28,0.09621993127147767
SC,SC-28,SC-28-1,AC-19,291,28,0.09621993127147767
SC,SC-28,SC-28-1,SC-12,291,28,0.09621993127147767
SC,SC-3,SC-3-0,AC-3,291,28,0.09621993127147767
SC,SC-3,SC-3-0,AC-6,291,28,0.09621993127147767
SC,SC-3,SC-3-0,SA-4,291,28,0.09621993127147767
SC,SC-3,SC-3-0,SA-5,291,28,0.09621993127147767
SC,SC-3,SC-3-0,SA-8,291,28,0.09621993127147767
SC,SC-3,SC-3-0,SA-13,291,28,0.09621993127147767
SC,SC-3,SC-3-0,SC-2,291,28,0.09621993127147767
SC,SC-3,SC-3-0,SC-7,291,28,0.09621993127147767
SC,SC-3,SC-3-0,SC-39,291,28,0.09621993127147767
SC,SC-39,SC-39-0,AC-3,291,28,0.09621993127147767
SC,SC-39,SC-39-0,AC-4,291,28,0.09621993127147767
SC,SC-39,SC-39-0,AC-6,291,28,0.09621993127147767
SC,SC-39,SC-39-0,SA-4,291,28,0.09621993127147767
SC,SC-39,SC-39-0,SA-5,291,28,0.09621993127147767
SC,SC-39,SC-39-0,SA-8,291,28,0.09621993127147767
SC,SC-39,SC-39-0,SC-2,291,28,0.09621993127147767
SC,SC-39,SC-39-0,SC-3,291,28,0.09621993127147767
SC,SC-4,SC-4-0,AC-3,291,28,0.09621993127147767
SC,SC-4,SC-4-0,AC-4,291,28,0.09621993127147767
SC,SC-4,SC-4-0,MP-6,291,28,0.09621993127147767
SC,SC-5,SC-5-0,SC-6,291,28,0.09621993127147767
SC,SC-5,SC-5-0,SC-7,291,28,0.09621993127147767
SC,SC-7,SC-7-0,AC-4,291,28,0.09621993127147767
SC,SC-7,SC-7-0,AC-17,291,28,0.09621993127147767
SC,SC-7,SC-7-0,CA-3,291,28,0.09621993127147767
SC,SC-7,SC-7-0,CM-7,291,28,0.09621993127147767
SC,SC-7,SC-7-0,CP-8,291,28,0.09621993127147767
SC,SC-7,SC-7-0,IR-4,291,28,0.09621993127147767
SC,SC-7,SC-7-0,RA-3,291,28,0.09621993127147767
SC,SC-7,SC-7-0,SC-5,291,28,0.09621993127147767
SC,SC-7,SC-7-0,SC-13,291,28,0.09621993127147767
SC,SC-7,SC-7-10,SI-3,291,28,0.09621993127147767
SC,SC-7,SC-7-13,SA-8,291,28,0.09621993127147767
SC,SC-7,SC-7-13,SC-2,291,28,0.09621993127147767
SC,SC-7,SC-7-13,SC-3,291,28,0.09621993127147767
SC,SC-7,SC-7-18,CP-2,291,28,0.09621993127147767
SC,SC-7,SC-7-18,SC-24,291,28,0.09621993127147767
SC,SC-7,SC-7-21,CA-9,291,28,0.09621993127147767
SC,SC-7,SC-7-21,SC-3,291,28,0.09621993127147767
SC,SC-7,SC-7-4,SC-8,291,28,0.09621993127147767
SC,SC-7,SC-7-8,AC-3,291,28,0.09621993127147767
SC,SC-7,SC-7-8,AU-2,291,28,0.09621993127147767
SC,SC-8,SC-8-0,AC-17,291,28,0.09621993127147767
SC,SC-8,SC-8-0,PE-4,291,28,0.09621993127147767
SC,SC-8,SC-8-1,SC-13,291,28,0.09621993127147767
CM,CM-1,CM-1-0,PM-9,291,27,0.09278350515463918
CM,CM-10,CM-10-0,AC-17,291,27,0.09278350515463918
CM,CM-10,CM-10-0,CM-8,291,27,0.09278350515463918
CM,CM-10,CM-10-0,SC-7,291,27,0.09278350515463918
CM,CM-11,CM-11-0,AC-3,291,27,0.09278350515463918
CM,CM-11,CM-11-0,CM-2,291,27,0.09278350515463918
CM,CM-11,CM-11-0,CM-3,291,27,0.09278350515463918
CM,CM-11,CM-11-0,CM-5,291,27,0.09278350515463918
CM,CM-11,CM-11-0,CM-6,291,27,0.09278350515463918
CM,CM-11,CM-11-0,CM-7,291,27,0.09278350515463918
CM,CM-11,CM-11-0,PL-4,291,27,0.09278350515463918
CM,CM-11,CM-11-1,CA-7,291,27,0.09278350515463918
CM,CM-11,CM-11-1,SI-4,291,27,0.09278350515463918
CM,CM-2,CM-2-0,CM-3,291,27,0.09278350515463918
CM,CM-2,CM-2-0,CM-6,291,27,0.09278350515463918
CM,CM-2,CM-2-0,CM-8,291,27,0.09278350515463918
CM,CM-2,CM-2-0,CM-9,291,27,0.09278350515463918
CM,CM-2,CM-2-0,SA-10,291,27,0.09278350515463918
CM,CM-2,CM-2-0,PM-5,291,27,0.09278350515463918
CM,CM-2,CM-2-0,PM-7,291,27,0.09278350515463918
CM,CM-2,CM-2-1,CM-5,291,27,0.09278350515463918
CM,CM-2,CM-2-2,CM-7,291,27,0.09278350515463918
CM,CM-2,CM-2-2,RA-5,291,27,0.09278350515463918
CM,CM-3,CM-3-0,CA-7,291,27,0.09278350515463918
CM,CM-3,CM-3-0,CM-2,291,27,0.09278350515463918
CM,CM-3,CM-3-0,CM-4,291,27,0.09278350515463918
CM,CM-3,CM-3-0,CM-5,291,27,0.09278350515463918
CM,CM-3,CM-3-0,CM-6,291,27,0.09278350515463918
CM,CM-3,CM-3-0,CM-9,291,27,0.09278350515463918
CM,CM-3,CM-3-0,SA-10,291,27,0.09278350515463918
CM,CM-3,CM-3-0,SI-2,291,27,0.09278350515463918
CM,CM-3,CM-3-0,SI-12,291,27,0.09278350515463918
CM,CM-3,CM-3-6,SC-13,291,27,0.09278350515463918
CM,CM-4,CM-4-0,CA-2,291,27,0.09278350515463918
CM,CM-4,CM-4-0,CA-7,291,27,0.09278350515463918
CM,CM-4,CM-4-0,CM-3,291,27,0.09278350515463918
CM,CM-4,CM-4-0,CM-9,291,27,0.09278350515463918
CM,CM-4,CM-4-0,SA-4,291,27,0.09278350515463918
CM,CM-4,CM-4-0,SA-5,291,27,0.09278350515463918
CM,CM-4,CM-4-0,SA-10,291,27,0.09278350515463918
CM,CM-4,CM-4-0,SI-2,291,27,0.09278350515463918
CM,CM-4,CM-4-1,SA-11,291,27,0.09278350515463918
CM,CM-4,CM-4-1,SC-3,291,27,0.09278350515463918
CM,CM-4,CM-4-1,SC-7,291,27,0.09278350515463918
CM,CM-5,CM-5-0,AC-3,291,27,0.09278350515463918
CM,CM-5,CM-5-0,AC-6,291,27,0.09278350515463918
CM,CM-5,CM-5-0,PE-3,291,27,0.09278350515463918
CM,CM-5,CM-5-1,AU-2,291,27,0.09278350515463918
CM,CM-5,CM-5-1,AU-12,291,27,0.09278350515463918
CM,CM-5,CM-5-1,AU-6,291,27,0.09278350515463918
CM,CM-5,CM-5-1,CM-3,291,27,0.09278350515463918
CM,CM-5,CM-5-1,CM-6,291,27,0.09278350515463918
CM,CM-5,CM-5-2,AU-6,291,27,0.09278350515463918
CM,CM-5,CM-5-2,AU-7,291,27,0.09278350515463918
CM,CM-5,CM-5-2,CM-3,291,27,0.09278350515463918
CM,CM-5,CM-5-2,CM-5,291,27,0.09278350515463918
CM,CM-5,CM-5-2,PE-6,291,27,0.09278350515463918
CM,CM-5,CM-5-2,PE-8,291,27,0.09278350515463918
CM,CM-5,CM-5-3,CM-7,291,27,0.09278350515463918
CM,CM-5,CM-5-3,SC-13,291,27,0.09278350515463918
CM,CM-5,CM-5-3,SI-7,291,27,0.09278350515463918
CM,CM-5,CM-5-5,AC-2,291,27,0.09278350515463918
CM,CM-6,CM-6-0,AC-19,291,27,0.09278350515463918
CM,CM-6,CM-6-0,CM-2,291,27,0.09278350515463918
CM,CM-6,CM-6-0,CM-3,291,27,0.09278350515463918
CM,CM-6,CM-6-0,CM-7,291,27,0.09278350515463918
CM,CM-6,CM-6-0,SI-4,291,27,0.09278350515463918
CM,CM-6,CM-6-1,CA-7,291,27,0.09278350515463918
CM,CM-6,CM-6-1,CM-4,291,27,0.09278350515463918
CM,CM-6,CM-6-2,IR-4,291,27,0.09278350515463918
CM,CM-6,CM-6-2,SI-7,291,27,0.09278350515463918
CM,CM-7,CM-7-0,AC-6,291,27,0.09278350515463918
CM,CM-7,CM-7-0,CM-2,291,27,0.09278350515463918
CM,CM-7,CM-7-0,RA-5,291,27,0.09278350515463918
CM,CM-7,CM-7-0,SA-5,291,27,0.09278350515463918
CM,CM-7,CM-7-0,SC-7,291,27,0.09278350515463918
CM,CM-7,CM-7-1,AC-18,291,27,0.09278350515463918
CM,CM-7,CM-7-1,CM-7,291,27,0.09278350515463918
CM,CM-7,CM-7-1,IA-2,291,27,0.09278350515463918
CM,CM-7,CM-7-2,CM-8,291,27,0.09278350515463918
CM,CM-7,CM-7-2,PM-5,291,27,0.09278350515463918
CM,CM-7,CM-7-5,CM-2,291,27,0.09278350515463918
CM,CM-7,CM-7-5,CM-6,291,27,0.09278350515463918
CM,CM-7,CM-7-5,CM-8,291,27,0.09278350515463918
CM,CM-7,CM-7-5,PM-5,291,27,0.09278350515463918
CM,CM-7,CM-7-5,SA-10,291,27,0.09278350515463918
CM,CM-7,CM-7-5,SC-34,291,27,0.09278350515463918
CM,CM-7,CM-7-5,SI-7,291,27,0.09278350515463918
CM,CM-8,CM-8-0,CM-2,291,27,0.09278350515463918
CM,CM-8,CM-8-0,CM-6,291,27,0.09278350515463918
CM,CM-8,CM-8-0,PM-5,291,27,0.09278350515463918
CM,CM-8,CM-8-2,SI-7,291,27,0.09278350515463918
CM,CM-8,CM-8-3,AC-17,291,27,0.09278350515463918
CM,CM-8,CM-8-3,AC-18,291,27,0.09278350515463918
CM,CM-8,CM-8-3,AC-19,291,27,0.09278350515463918
CM,CM-8,CM-8-3,CA-7,291,27,0.09278350515463918
CM,CM-8,CM-8-3,SI-3,291,27,0.09278350515463918
CM,CM-8,CM-8-3,SI-4,291,27,0.09278350515463918
CM,CM-8,CM-8-3,SI-7,291,27,0.09278350515463918
CM,CM-8,CM-8-3,RA-5,291,27,0.09278350515463918
CM,CM-9,CM-9-0,CM-2,291,27,0.09278350515463918
CM,CM-9,CM-9-0,CM-3,291,27,0.09278350515463918
CM,CM-9,CM-9-0,CM-4,291,27,0.09278350515463918
CM,CM-9,CM-9-0,CM-5,291,27,0.09278350515463918
CM,CM-9,CM-9-0,CM-8,291,27,0.09278350515463918
CM,CM-9,CM-9-0,SA-10,291,27,0.09278350515463918
CP,CP-1,CP-1-0,PM-9,291,24,0.08247422680412371
CP,CP-10,CP-10-0,CA-2,291,24,0.08247422680412371
CP,CP-10,CP-10-0,CA-6,291,24,0.08247422680412371
CP,CP-10,CP-10-0,CA-7,291,24,0.08247422680412371
CP,CP-10,CP-10-0,CP-2,291,24,0.08247422680412371
CP,CP-10,CP-10-0,CP-6,291,24,0.08247422680412371
CP,CP-10,CP-10-0,CP-7,291,24,0.08247422680412371
CP,CP-10,CP-10-0,CP-9,291,24,0.08247422680412371
CP,CP-10,CP-10-0,SC-24,291,24,0.08247422680412371
CP,CP-10,CP-10-4,CM-2,291,24,0.08247422680412371
CP,CP-2,CP-2-0,AC-14,291,24,0.08247422680412371
CP,CP-2,CP-2-0,CP-6,291,24,0.08247422680412371
CP,CP-2,CP-2-0,CP-7,291,24,0.08247422680412371
CP,CP-2,CP-2-0,CP-8,291,24,0.08247422680412371
CP,CP-2,CP-2-0,CP-9,291,24,0.08247422680412371
CP,CP-2,CP-2-0,CP-10,291,24,0.08247422680412371
CP,CP-2,CP-2-0,IR-4,291,24,0.08247422680412371
CP,CP-2,CP-2-0,IR-8,291,24,0.08247422680412371
CP,CP-2,CP-2-0,MP-2,291,24,0.08247422680412371
CP,CP-2,CP-2-0,MP-4,291,24,0.08247422680412371
CP,CP-2,CP-2-0,MP-5,291,24,0.08247422680412371
CP,CP-2,CP-2-0,PM-8,291,24,0.08247422680412371
CP,CP-2,CP-2-0,PM-11,291,24,0.08247422680412371
CP,CP-2,CP-2-3,PE-12,291,24,0.08247422680412371
CP,CP-2,CP-2-4,PE-12,291,24,0.08247422680412371
CP,CP-2,CP-2-5,PE-12,291,24,0.08247422680412371
CP,CP-2,CP-2-8,SA-14,291,24,0.08247422680412371
CP,CP-2,CP-2-8,SA-15,291,24,0.08247422680412371
CP,CP-3,CP-3-0,AT-2,291,24,0.08247422680412371
CP,CP-3,CP-3-0,AT-3,291,24,0.08247422680412371
CP,CP-3,CP-3-0,CP-2,291,24,0.08247422680412371
CP,CP-3,CP-3-0,IR-2,291,24,0.08247422680412371
CP,CP-4,CP-4-0,CP-2,291,24,0.08247422680412371
CP,CP-4,CP-4-0,CP-3,291,24,0.08247422680412371
CP,CP-4,CP-4-0,IR-3,291,24,0.08247422680412371
CP,CP-4,CP-4-1,IR-8,291,24,0.08247422680412371
CP,CP-4,CP-4-1,PM-8,291,24,0.08247422680412371
CP,CP-4,CP-4-2,CP-7,291,24,0.08247422680412371
CP,CP-6,CP-6-0,CP-2,291,24,0.08247422680412371
CP,CP-6,CP-6-0,CP-7,291,24,0.08247422680412371
CP,CP-6,CP-6-0,CP-9,291,24,0.08247422680412371
CP,CP-6,CP-6-0,CP-10,291,24,0.08247422680412371
CP,CP-6,CP-6-0,MP-4,291,24,0.08247422680412371
CP,CP-6,CP-6-1,RA-3,291,24,0.08247422680412371
CP,CP-6,CP-6-3,RA-3,291,24,0.08247422680412371
CP,CP-7,CP-7-0,CP-2,291,24,0.08247422680412371
CP,CP-7,CP-7-0,CP-6,291,24,0.08247422680412371
CP,CP-7,CP-7-0,CP-8,291,24,0.08247422680412371
CP,CP-7,CP-7-0,CP-9,291,24,0.08247422680412371
CP,CP-7,CP-7-0,CP-10,291,24,0.08247422680412371
CP,CP-7,CP-7-0,MA-6,291,24,0.08247422680412371
CP,CP-7,CP-7-1,RA-3,291,24,0.08247422680412371
CP,CP-7,CP-7-2,RA-3,291,24,0.08247422680412371
CP,CP-7,CP-7-4,CM-2,291,24,0.08247422680412371
CP,CP-7,CP-7-4,CM-6,291,24,0.08247422680412371
CP,CP-8,CP-8-0,CP-2,291,24,0.08247422680412371
CP,CP-8,CP-8-0,CP-6,291,24,0.08247422680412371
CP,CP-8,CP-8-0,CP-7,291,24,0.08247422680412371
CP,CP-9,CP-9-0,CP-2,291,24,0.08247422680412371
CP,CP-9,CP-9-0,CP-6,291,24,0.08247422680412371
CP,CP-9,CP-9-0,MP-4,291,24,0.08247422680412371
CP,CP-9,CP-9-0,MP-5,291,24,0.08247422680412371
CP,CP-9,CP-9-0,SC-13,291,24,0.08247422680412371
CP,CP-9,CP-9-1,CP-4,291,24,0.08247422680412371
CP,CP-9,CP-9-2,CP-4,291,24,0.08247422680412371
CP,CP-9,CP-9-3,CM-2,291,24,0.08247422680412371
CP,CP-9,CP-9-3,CM-8,291,24,0.08247422680412371
AU,AU-1,AU-1-0,PM-9,291,23,0.07903780068728522
AU,AU-10,AU-10-0,SC-12,291,23,0.07903780068728522
AU,AU-10,AU-10-0,SC-8,291,23,0.07903780068728522
AU,AU-10,AU-10-0,SC-13,291,23,0.07903780068728522
AU,AU-10,AU-10-0,SC-16,291,23,0.07903780068728522
AU,AU-10,AU-10-0,SC-17,291,23,0.07903780068728522
AU,AU-10,AU-10-0,SC-23,291,23,0.07903780068728522
AU,AU-11,AU-11-0,AU-4,291,23,0.07903780068728522
AU,AU-11,AU-11-0,AU-5,291,23,0.07903780068728522
AU,AU-11,AU-11-0,AU-9,291,23,0.07903780068728522
AU,AU-11,AU-11-0,MP-6,291,23,0.07903780068728522
AU,AU-12,AU-12-0,AC-3,291,23,0.07903780068728522
AU,AU-12,AU-12-0,AU-2,291,23,0.07903780068728522
AU,AU-12,AU-12-0,AU-3,291,23,0.07903780068728522
AU,AU-12,AU-12-0,AU-6,291,23,0.07903780068728522
AU,AU-12,AU-12-0,AU-7,291,23,0.07903780068728522
AU,AU-12,AU-12-1,AU-8,291,23,0.07903780068728522
AU,AU-12,AU-12-1,AU-12,291,23,0.07903780068728522
AU,AU-12,AU-12-3,AU-7,291,23,0.07903780068728522
AU,AU-2,AU-2-0,AC-6,291,23,0.07903780068728522
AU,AU-2,AU-2-0,AC-17,291,23,0.07903780068728522
AU,AU-2,AU-2-0,AU-3,291,23,0.07903780068728522
AU,AU-2,AU-2-0,AU-12,291,23,0.07903780068728522
AU,AU-2,AU-2-0,MA-4,291,23,0.07903780068728522
AU,AU-2,AU-2-0,MP-2,291,23,0.07903780068728522
AU,AU-2,AU-2-0,MP-4,291,23,0.07903780068728522
AU,AU-2,AU-2-0,SI-4,291,23,0.07903780068728522
AU,AU-3,AU-3-0,AU-2,291,23,0.07903780068728522
AU,AU-3,AU-3-0,AU-8,291,23,0.07903780068728522
AU,AU-3,AU-3-0,AU-12,291,23,0.07903780068728522
AU,AU-3,AU-3-0,SI-11,291,23,0.07903780068728522
AU,AU-3,AU-3-2,AU-6,291,23,0.07903780068728522
AU,AU-3,AU-3-2,AU-7,291,23,0.07903780068728522
AU,AU-4,AU-4-0,AU-2,291,23,0.07903780068728522
AU,AU-4,AU-4-0,AU-5,291,23,0.07903780068728522
AU,AU-4,AU-4-0,AU-6,291,23,0.07903780068728522
AU,AU-4,AU-4-0,AU-7,291,23,0.07903780068728522
AU,AU-4,AU-4-0,AU-11,291,23,0.07903780068728522
AU,AU-4,AU-4-0,SI-4,291,23,0.07903780068728522
AU,AU-5,AU-5-0,AU-4,291,23,0.07903780068728522
AU,AU-5,AU-5-0,SI-12,291,23,0.07903780068728522
AU,AU-6,AU-6-0,AC-2,291,23,0.07903780068728522
AU,AU-6,AU-6-0,AC-3,291,23,0.07903780068728522
AU,AU-6,AU-6-0,AC-6,291,23,0.07903780068728522
AU,AU-6,AU-6-0,AC-17,291,23,0.07903780068728522
AU,AU-6,AU-6-0,AT-3,291,23,0.07903780068728522
AU,AU-6,AU-6-0,AU-7,291,23,0.07903780068728522
AU,AU-6,AU-6-0,AU-16,291,23,0.07903780068728522
AU,AU-6,AU-6-0,CA-7,291,23,0.07903780068728522
AU,AU-6,AU-6-0,CM-5,291,23,0.07903780068728522
AU,AU-6,AU-6-0,CM-10,291,23,0.07903780068728522
AU,AU-6,AU-6-0,CM-11,291,23,0.07903780068728522
AU,AU-6,AU-6-0,IA-3,291,23,0.07903780068728522
AU,AU-6,AU-6-0,IA-5,291,23,0.07903780068728522
AU,AU-6,AU-6-0,IR-5,291,23,0.07903780068728522
AU,AU-6,AU-6-0,IR-6,291,23,0.07903780068728522
AU,AU-6,AU-6-0,MA-4,291,23,0.07903780068728522
AU,AU-6,AU-6-0,MP-4,291,23,0.07903780068728522
AU,AU-6,AU-6-0,PE-3,291,23,0.07903780068728522
AU,AU-6,AU-6-0,PE-6,291,23,0.07903780068728522
AU,AU-6,AU-6-0,PE-14,291,23,0.07903780068728522
AU,AU-6,AU-6-0,PE-16,291,23,0.07903780068728522
AU,AU-6,AU-6-0,RA-5,291,23,0.07903780068728522
AU,AU-6,AU-6-0,SC-7,291,23,0.07903780068728522
AU,AU-6,AU-6-0,SC-18,291,23,0.07903780068728522
AU,AU-6,AU-6-0,SC-19,291,23,0.07903780068728522
AU,AU-6,AU-6-0,SI-3,291,23,0.07903780068728522
AU,AU-6,AU-6-0,SI-4,291,23,0.07903780068728522
AU,AU-6,AU-6-0,SI-7,291,23,0.07903780068728522
AU,AU-6,AU-6-1,AU-12,291,23,0.07903780068728522
AU,AU-6,AU-6-1,PM-7,291,23,0.07903780068728522
AU,AU-6,AU-6-3,AU-12,291,23,0.07903780068728522
AU,AU-6,AU-6-3,IR-4,291,23,0.07903780068728522
AU,AU-6,AU-6-4,AU-2,291,23,0.07903780068728522
AU,AU-6,AU-6-4,AU-12,291,23,0.07903780068728522
AU,AU-6,AU-6-5,AU-12,291,23,0.07903780068728522
AU,AU-6,AU-6-5,IR-4,291,23,0.07903780068728522
AU,AU-6,AU-6-5,RA-5,291,23,0.07903780068728522
AU,AU-7,AU-7-0,AU-6,291,23,0.07903780068728522
AU,AU-7,AU-7-1,AU-2,291,23,0.07903780068728522
AU,AU-7,AU-7-1,AU-12,291,23,0.07903780068728522
AU,AU-8,AU-8-0,AU-3,291,23,0.07903780068728522
AU,AU-8,AU-8-0,AU-12,291,23,0.07903780068728522
AU,AU-9,AU-9-0,AC-3,291,23,0.07903780068728522
AU,AU-9,AU-9-0,AC-6,291,23,0.07903780068728522
AU,AU-9,AU-9-0,MP-2,291,23,0.07903780068728522
AU,AU-9,AU-9-0,MP-4,291,23,0.07903780068728522
AU,AU-9,AU-9-0,PE-2,291,23,0.07903780068728522
AU,AU-9,AU-9-0,PE-3,291,23,0.07903780068728522
AU,AU-9,AU-9-0,PE-6,291,23,0.07903780068728522
AU,AU-9,AU-9-2,AU-4,291,23,0.07903780068728522
AU,AU-9,AU-9-2,AU-5,291,23,0.07903780068728522
AU,AU-9,AU-9-2,AU-11,291,23,0.07903780068728522
AU,AU-9,AU-9-3,AU-10,291,23,0.07903780068728522
AU,AU-9,AU-9-3,SC-12,291,23,0.07903780068728522
AU,AU-9,AU-9-3,SC-13,291,23,0.07903780068728522
AU,AU-9,AU-9-4,AC-5,291,23,0.07903780068728522
SA,SA-1,SA-1-0,PM-9,291,22,0.07560137457044673
SA,SA-10,SA-10-0,CM-3,291,22,0.07560137457044673
SA,SA-10,SA-10-0,CM-4,291,22,0.07560137457044673
SA,SA-10,SA-10-0,CM-9,291,22,0.07560137457044673
SA,SA-10,SA-10-0,SA-12,291,22,0.07560137457044673
SA,SA-10,SA-10-0,SI-2,291,22,0.07560137457044673
SA,SA-10,SA-10-1,SI-7,291,22,0.07560137457044673
SA,SA-11,SA-11-0,CA-2,291,22,0.07560137457044673
SA,SA-11,SA-11-0,CM-4,291,22,0.07560137457044673
SA,SA-11,SA-11-0,SA-3,291,22,0.07560137457044673
SA,SA-11,SA-11-0,SA-4,291,22,0.07560137457044673
SA,SA-11,SA-11-0,SA-5,291,22,0.07560137457044673
SA,SA-11,SA-11-0,SI-2,291,22,0.07560137457044673
SA,SA-11,SA-11-2,PM-15,291,22,0.07560137457044673
SA,SA-11,SA-11-2,RA-5,291,22,0.07560137457044673
SA,SA-12,SA-12-0,AT-3,291,22,0.07560137457044673
SA,SA-12,SA-12-0,CM-8,291,22,0.07560137457044673
SA,SA-12,SA-12-0,IR-4,291,22,0.07560137457044673
SA,SA-12,SA-12-0,PE-16,291,22,0.07560137457044673
SA,SA-12,SA-12-0,PL-8,291,22,0.07560137457044673
SA,SA-12,SA-12-0,SA-3,291,22,0.07560137457044673
SA,SA-12,SA-12-0,SA-4,291,22,0.07560137457044673
SA,SA-12,SA-12-0,SA-8,291,22,0.07560137457044673
SA,SA-12,SA-12-0,SA-10,291,22,0.07560137457044673
SA,SA-12,SA-12-0,SA-14,291,22,0.07560137457044673
SA,SA-12,SA-12-0,SA-15,291,22,0.07560137457044673
SA,SA-12,SA-12-0,SA-18,291,22,0.07560137457044673
SA,SA-12,SA-12-0,SA-19,291,22,0.07560137457044673
SA,SA-12,SA-12-0,SC-29,291,22,0.07560137457044673
SA,SA-12,SA-12-0,SC-30,291,22,0.07560137457044673
SA,SA-12,SA-12-0,SC-38,291,22,0.07560137457044673
SA,SA-12,SA-12-0,SI-7,291,22,0.07560137457044673
SA,SA-15,SA-15-0,SA-3,291,22,0.07560137457044673
SA,SA-15,SA-15-0,SA-8,291,22,0.07560137457044673
SA,SA-16,SA-16-0,AT-2,291,22,0.07560137457044673
SA,SA-16,SA-16-0,AT-3,291,22,0.07560137457044673
SA,SA-16,SA-16-0,SA-5,291,22,0.07560137457044673
SA,SA-17,SA-17-0,PL-8,291,22,0.07560137457044673
SA,SA-17,SA-17-0,PM-7,291,22,0.07560137457044673
SA,SA-17,SA-17-0,SA-3,291,22,0.07560137457044673
SA,SA-17,SA-17-0,SA-8,291,22,0.07560137457044673
SA,SA-2,SA-2-0,PM-3,291,22,0.07560137457044673
SA,SA-2,SA-2-0,PM-11,291,22,0.07560137457044673
SA,SA-3,SA-3-0,AT-3,291,22,0.07560137457044673
SA,SA-3,SA-3-0,PM-7,291,22,0.07560137457044673
SA,SA-3,SA-3-0,SA-8,291,22,0.07560137457044673
SA,SA-4,SA-4-0,CM-6,291,22,0.07560137457044673
SA,SA-4,SA-4-0,PL-2,291,22,0.07560137457044673
SA,SA-4,SA-4-0,PS-7,291,22,0.07560137457044673
SA,SA-4,SA-4-0,SA-3,291,22,0.07560137457044673
SA,SA-4,SA-4-0,SA-5,291,22,0.07560137457044673
SA,SA-4,SA-4-0,SA-8,291,22,0.07560137457044673
SA,SA-4,SA-4-0,SA-11,291,22,0.07560137457044673
SA,SA-4,SA-4-0,SA-12,291,22,0.07560137457044673
SA,SA-4,SA-4-1,SA-5,291,22,0.07560137457044673
SA,SA-4,SA-4-10,IA-2,291,22,0.07560137457044673
SA,SA-4,SA-4-10,IA-8,291,22,0.07560137457044673
SA,SA-4,SA-4-2,SA-5,291,22,0.07560137457044673
SA,SA-4,SA-4-8,CA-7,291,22,0.07560137457044673
SA,SA-4,SA-4-9,CM-7,291,22,0.07560137457044673
SA,SA-4,SA-4-9,SA-9,291,22,0.07560137457044673
SA,SA-5,SA-5-0,CM-6,291,22,0.07560137457044673
SA,SA-5,SA-5-0,CM-8,291,22,0.07560137457044673
SA,SA-5,SA-5-0,PL-2,291,22,0.07560137457044673
SA,SA-5,SA-5-0,PL-4,291,22,0.07560137457044673
SA,SA-5,SA-5-0,PS-2,291,22,0.07560137457044673
SA,SA-5,SA-5-0,SA-3,291,22,0.07560137457044673
SA,SA-5,SA-5-0,SA-4,291,22,0.07560137457044673
SA,SA-8,SA-8-0,PM-7,291,22,0.07560137457044673
SA,SA-8,SA-8-0,SA-3,291,22,0.07560137457044673
SA,SA-8,SA-8-0,SA-4,291,22,0.07560137457044673
SA,SA-8,SA-8-0,SA-17,291,22,0.07560137457044673
SA,SA-8,SA-8-0,SC-2,291,22,0.07560137457044673
SA,SA-8,SA-8-0,SC-3,291,22,0.07560137457044673
SA,SA-9,SA-9-0,CA-3,291,22,0.07560137457044673
SA,SA-9,SA-9-0,IR-7,291,22,0.07560137457044673
SA,SA-9,SA-9-0,PS-7,291,22,0.07560137457044673
SA,SA-9,SA-9-1,CA-6,291,22,0.07560137457044673
SA,SA-9,SA-9-1,RA-3,291,22,0.07560137457044673
SA,SA-9,SA-9-2,CM-7,291,22,0.07560137457044673
SI,SI-1,SI-1-0,PM-9,291,21,0.07216494845360824
SI,SI-11,SI-11-0,AU-2,291,21,0.07216494845360824
SI,SI-11,SI-11-0,AU-3,291,21,0.07216494845360824
SI,SI-11,SI-11-0,SC-31,291,21,0.07216494845360824
SI,SI-12,SI-12-0,AC-16,291,21,0.07216494845360824
SI,SI-12,SI-12-0,AU-5,291,21,0.07216494845360824
SI,SI-12,SI-12-0,AU-11,291,21,0.07216494845360824
SI,SI-12,SI-12-0,MP-2,291,21,0.07216494845360824
SI,SI-12,SI-12-0,MP-4,291,21,0.07216494845360824
SI,SI-16,SI-16-0,AC-25,291,21,0.07216494845360824
SI,SI-16,SI-16-0,SC-3,291,21,0.07216494845360824
SI,SI-2,SI-2-0,CA-2,291,21,0.07216494845360824
SI,SI-2,SI-2-0,CA-7,291,21,0.07216494845360824
SI,SI-2,SI-2-0,CM-3,291,21,0.07216494845360824
SI,SI-2,SI-2-0,CM-5,291,21,0.07216494845360824
SI,SI-2,SI-2-0,CM-8,291,21,0.07216494845360824
SI,SI-2,SI-2-0,MA-2,291,21,0.07216494845360824
SI,SI-2,SI-2-0,IR-4,291,21,0.07216494845360824
SI,SI-2,SI-2-0,RA-5,291,21,0.07216494845360824
SI,SI-2,SI-2-0,SA-10,291,21,0.07216494845360824
SI,SI-2,SI-2-0,SA-11,291,21,0.07216494845360824
SI,SI-2,SI-2-0,SI-11,291,21,0.07216494845360824
SI,SI-2,SI-2-2,CM-6,291,21,0.07216494845360824
SI,SI-2,SI-2-2,SI-4,291,21,0.07216494845360824
SI,SI-3,SI-3-0,CM-3,291,21,0.07216494845360824
SI,SI-3,SI-3-0,MP-2,291,21,0.07216494845360824
SI,SI-3,SI-3-0,SA-4,291,21,0.07216494845360824
SI,SI-3,SI-3-0,SA-8,291,21,0.07216494845360824
SI,SI-3,SI-3-0,SA-12,291,21,0.07216494845360824
SI,SI-3,SI-3-0,SA-13,291,21,0.07216494845360824
SI,SI-3,SI-3-0,SC-7,291,21,0.07216494845360824
SI,SI-3,SI-3-0,SC-26,291,21,0.07216494845360824
SI,SI-3,SI-3-0,SC-44,291,21,0.07216494845360824
SI,SI-3,SI-3-0,SI-2,291,21,0.07216494845360824
SI,SI-3,SI-3-0,SI-4,291,21,0.07216494845360824
SI,SI-3,SI-3-0,SI-7,291,21,0.07216494845360824
SI,SI-3,SI-3-1,AU-2,291,21,0.07216494845360824
SI,SI-3,SI-3-1,SI-8,291,21,0.07216494845360824
SI,SI-3,SI-3-2,SI-8,291,21,0.07216494845360824
SI,SI-4,SI-4-0,AC-3,291,21,0.07216494845360824
SI,SI-4,SI-4-0,AC-4,291,21,0.07216494845360824
SI,SI-4,SI-4-0,AC-8,291,21,0.07216494845360824
SI,SI-4,SI-4-0,AC-17,291,21,0.07216494845360824
SI,SI-4,SI-4-0,AU-2,291,21,0.07216494845360824
SI,SI-4,SI-4-0,AU-6,291,21,0.07216494845360824
SI,SI-4,SI-4-0,AU-7,291,21,0.07216494845360824
SI,SI-4,SI-4-0,AU-9,291,21,0.07216494845360824
SI,SI-4,SI-4-0,AU-12,291,21,0.07216494845360824
SI,SI-4,SI-4-0,CA-7,291,21,0.07216494845360824
SI,SI-4,SI-4-0,IR-4,291,21,0.07216494845360824
SI,SI-4,SI-4-0,PE-3,291,21,0.07216494845360824
SI,SI-4,SI-4-0,RA-5,291,21,0.07216494845360824
SI,SI-4,SI-4-0,SC-7,291,21,0.07216494845360824
SI,SI-4,SI-4-0,SC-26,291,21,0.07216494845360824
SI,SI-4,SI-4-0,SC-35,291,21,0.07216494845360824
SI,SI-4,SI-4-0,SI-3,291,21,0.07216494845360824
SI,SI-4,SI-4-0,SI-7,291,21,0.07216494845360824
SI,SI-4,SI-4-14,AC-18,291,21,0.07216494845360824
SI,SI-4,SI-4-14,IA-3,291,21,0.07216494845360824
SI,SI-4,SI-4-16,AU-6,291,21,0.07216494845360824
SI,SI-4,SI-4-22,AC-6,291,21,0.07216494845360824
SI,SI-4,SI-4-22,CM-7,291,21,0.07216494845360824
SI,SI-4,SI-4-22,SA-5,291,21,0.07216494845360824
SI,SI-4,SI-4-22,SA-9,291,21,0.07216494845360824
SI,SI-4,SI-4-5,AU-5,291,21,0.07216494845360824
SI,SI-4,SI-4-5,PE-6,291,21,0.07216494845360824
SI,SI-5,SI-5-0,SI-2,291,21,0.07216494845360824
SI,SI-6,SI-6-0,CA-7,291,21,0.07216494845360824
SI,SI-6,SI-6-0,CM-6,291,21,0.07216494845360824
SI,SI-7,SI-7-0,SA-12,291,21,0.07216494845360824
SI,SI-7,SI-7-0,SC-8,291,21,0.07216494845360824
SI,SI-7,SI-7-0,SC-13,291,21,0.07216494845360824
SI,SI-7,SI-7-0,SI-3,291,21,0.07216494845360824
SI,SI-7,SI-7-14,SA-5,291,21,0.07216494845360824
SI,SI-7,SI-7-7,IR-4,291,21,0.07216494845360824
SI,SI-7,SI-7-7,IR-5,291,21,0.07216494845360824
SI,SI-7,SI-7-7,SI-4,291,21,0.07216494845360824
SI,SI-8,SI-8-0,AT-2,291,21,0.07216494845360824
SI,SI-8,SI-8-0,AT-3,291,21,0.07216494845360824
SI,SI-8,SI-8-0,SC-5,291,21,0.07216494845360824
SI,SI-8,SI-8-0,SC-7,291,21,0.07216494845360824
SI,SI-8,SI-8-0,SI-3,291,21,0.07216494845360824
SI,SI-8,SI-8-1,AU-3,291,21,0.07216494845360824
SI,SI-8,SI-8-1,SI-2,291,21,0.07216494845360824
SI,SI-8,SI-8-1,SI-7,291,21,0.07216494845360824
IA,IA-1,IA-1-0,PM-9,291,20,0.06872852233676977
IA,IA-2,IA-2-0,AC-2,291,20,0.06872852233676977
IA,IA-2,IA-2-0,AC-3,291,20,0.06872852233676977
IA,IA-2,IA-2-0,AC-14,291,20,0.06872852233676977
IA,IA-2,IA-2-0,AC-17,291,20,0.06872852233676977
IA,IA-2,IA-2-0,AC-18,291,20,0.06872852233676977
IA,IA-2,IA-2-0,IA-4,291,20,0.06872852233676977
IA,IA-2,IA-2-0,IA-5,291,20,0.06872852233676977
IA,IA-2,IA-2-0,IA-8,291,20,0.06872852233676977
IA,IA-2,IA-2-1,AC-6,291,20,0.06872852233676977
IA,IA-2,IA-2-11,AC-6,291,20,0.06872852233676977
IA,IA-2,IA-2-12,AU-2,291,20,0.06872852233676977
IA,IA-2,IA-2-12,PE-3,291,20,0.06872852233676977
IA,IA-2,IA-2-12,SA-4,291,20,0.06872852233676977
IA,IA-2,IA-2-3,AC-6,291,20,0.06872852233676977
IA,IA-3,IA-3-0,AC-17,291,20,0.06872852233676977
IA,IA-3,IA-3-0,AC-18,291,20,0.06872852233676977
IA,IA-3,IA-3-0,AC-19,291,20,0.06872852233676977
IA,IA-3,IA-3-0,CA-3,291,20,0.06872852233676977
IA,IA-3,IA-3-0,IA-4,291,20,0.06872852233676977
IA,IA-3,IA-3-0,IA-5,291,20,0.06872852233676977
IA,IA-4,IA-4-0,AC-2,291,20,0.06872852233676977
IA,IA-4,IA-4-0,IA-2,291,20,0.06872852233676977
IA,IA-4,IA-4-0,IA-3,291,20,0.06872852233676977
IA,IA-4,IA-4-0,IA-5,291,20,0.06872852233676977
IA,IA-4,IA-4-0,IA-8,291,20,0.06872852233676977
IA,IA-4,IA-4-0,SC-37,291,20,0.06872852233676977
IA,IA-4,IA-4-4,AT-2,291,20,0.06872852233676977
IA,IA-5,IA-5-0,AC-2,291,20,0.06872852233676977
IA,IA-5,IA-5-0,AC-3,291,20,0.06872852233676977
IA,IA-5,IA-5-0,AC-6,291,20,0.06872852233676977
IA,IA-5,IA-5-0,CM-6,291,20,0.06872852233676977
IA,IA-5,IA-5-0,IA-2,291,20,0.06872852233676977
IA,IA-5,IA-5-0,IA-4,291,20,0.06872852233676977
IA,IA-5,IA-5-0,IA-8,291,20,0.06872852233676977
IA,IA-5,IA-5-0,PL-4,291,20,0.06872852233676977
IA,IA-5,IA-5-0,PS-5,291,20,0.06872852233676977
IA,IA-5,IA-5-0,PS-6,291,20,0.06872852233676977
IA,IA-5,IA-5-0,SC-12,291,20,0.06872852233676977
IA,IA-5,IA-5-0,SC-13,291,20,0.06872852233676977
IA,IA-5,IA-5-0,SC-17,291,20,0.06872852233676977
IA,IA-5,IA-5-0,SC-28,291,20,0.06872852233676977
IA,IA-5,IA-5-1,IA-6,291,20,0.06872852233676977
IA,IA-5,IA-5-2,IA-6,291,20,0.06872852233676977
IA,IA-5,IA-5-4,CA-2,291,20,0.06872852233676977
IA,IA-5,IA-5-4,CA-7,291,20,0.06872852233676977
IA,IA-5,IA-5-4,RA-5,291,20,0.06872852233676977
IA,IA-6,IA-6-0,PE-18,291,20,0.06872852233676977
IA,IA-7,IA-7-0,SC-12,291,20,0.06872852233676977
IA,IA-7,IA-7-0,SC-13,291,20,0.06872852233676977
IA,IA-8,IA-8-0,AC-2,291,20,0.06872852233676977
IA,IA-8,IA-8-0,AC-14,291,20,0.06872852233676977
IA,IA-8,IA-8-0,AC-17,291,20,0.06872852233676977
IA,IA-8,IA-8-0,AC-18,291,20,0.06872852233676977
IA,IA-8,IA-8-0,IA-2,291,20,0.06872852233676977
IA,IA-8,IA-8-0,IA-4,291,20,0.06872852233676977
IA,IA-8,IA-8-0,IA-5,291,20,0.06872852233676977
IA,IA-8,IA-8-0,MA-4,291,20,0.06872852233676977
IA,IA-8,IA-8-0,RA-3,291,20,0.06872852233676977
IA,IA-8,IA-8-0,SA-12,291,20,0.06872852233676977
IA,IA-8,IA-8-0,SC-8,291,20,0.06872852233676977
IA,IA-8,IA-8-1,AU-2,291,20,0.06872852233676977
IA,IA-8,IA-8-1,PE-3,291,20,0.06872852233676977
IA,IA-8,IA-8-1,SA-4,291,20,0.06872852233676977
IA,IA-8,IA-8-2,AU-2,291,20,0.06872852233676977
IA,IA-8,IA-8-3,SA-4,291,20,0.06872852233676977
IA,IA-8,IA-8-4,SA-4,291,20,0.06872852233676977
PE,PE-1,PE-1-0,PM-9,291,17,0.058419243986254296
PE,PE-10,PE-10-0,PE-15,291,17,0.058419243986254296
PE,PE-11,PE-11-0,AT-3,291,17,0.058419243986254296
PE,PE-11,PE-11-0,CP-2,291,17,0.058419243986254296
PE,PE-11,PE-11-0,CP-7,291,17,0.058419243986254296
PE,PE-12,PE-12-0,CP-2,291,17,0.058419243986254296
PE,PE-12,PE-12-0,CP-7,291,17,0.058419243986254296
PE,PE-14,PE-14-0,AT-3,291,17,0.058419243986254296
PE,PE-15,PE-15-0,AT-3,291,17,0.058419243986254296
PE,PE-16,PE-16-0,CM-3,291,17,0.058419243986254296
PE,PE-16,PE-16-0,MA-2,291,17,0.058419243986254296
PE,PE-16,PE-16-0,MA-3,291,17,0.058419243986254296
PE,PE-16,PE-16-0,MP-5,291,17,0.058419243986254296
PE,PE-16,PE-16-0,SA-12,291,17,0.058419243986254296
PE,PE-17,PE-17-0,AC-17,291,17,0.058419243986254296
PE,PE-17,PE-17-0,CP-7,291,17,0.058419243986254296
PE,PE-18,PE-18-0,CP-2,291,17,0.058419243986254296
PE,PE-18,PE-18-0,PE-19,291,17,0.058419243986254296
PE,PE-18,PE-18-0,RA-3,291,17,0.058419243986254296
PE,PE-2,PE-2-0,PE-3,291,17,0.058419243986254296
PE,PE-2,PE-2-0,PE-4,291,17,0.058419243986254296
PE,PE-2,PE-2-0,PS-3,291,17,0.058419243986254296
PE,PE-3,PE-3-0,AU-2,291,17,0.058419243986254296
PE,PE-3,PE-3-0,AU-6,291,17,0.058419243986254296
PE,PE-3,PE-3-0,MP-2,291,17,0.058419243986254296
PE,PE-3,PE-3-0,MP-4,291,17,0.058419243986254296
PE,PE-3,PE-3-0,PE-2,291,17,0.058419243986254296
PE,PE-3,PE-3-0,PE-4,291,17,0.058419243986254296
PE,PE-3,PE-3-0,PE-5,291,17,0.058419243986254296
PE,PE-3,PE-3-0,PS-3,291,17,0.058419243986254296
PE,PE-3,PE-3-0,RA-3,291,17,0.058419243986254296
PE,PE-3,PE-3-1,PS-2,291,17,0.058419243986254296
PE,PE-4,PE-4-0,MP-2,291,17,0.058419243986254296
PE,PE-4,PE-4-0,MP-4,291,17,0.058419243986254296
PE,PE-4,PE-4-0,PE-2,291,17,0.058419243986254296
PE,PE-4,PE-4-0,PE-3,291,17,0.058419243986254296
PE,PE-4,PE-4-0,PE-5,291,17,0.058419243986254296
PE,PE-4,PE-4-0,SC-7,291,17,0.058419243986254296
PE,PE-4,PE-4-0,SC-8,291,17,0.058419243986254296
PE,PE-5,PE-5-0,PE-2,291,17,0.058419243986254296
PE,PE-5,PE-5-0,PE-3,291,17,0.058419243986254296
PE,PE-5,PE-5-0,PE-4,291,17,0.058419243986254296
PE,PE-5,PE-5-0,PE-18,291,17,0.058419243986254296
PE,PE-6,PE-6-0,CA-7,291,17,0.058419243986254296
PE,PE-6,PE-6-0,IR-4,291,17,0.058419243986254296
PE,PE-6,PE-6-0,IR-8,291,17,0.058419243986254296
PE,PE-6,PE-6-4,PS-2,291,17,0.058419243986254296
PE,PE-6,PE-6-4,PS-3,291,17,0.058419243986254296
PE,PE-9,PE-9-0,PE-4,291,17,0.058419243986254296
MA,MA-1,MA-1-0,PM-9,291,12,0.041237113402061855
MA,MA-2,MA-2-0,CM-3,291,12,0.041237113402061855
MA,MA-2,MA-2-0,CM-4,291,12,0.041237113402061855
MA,MA-2,MA-2-0,MA-4,291,12,0.041237113402061855
MA,MA-2,MA-2-0,MP-6,291,12,0.041237113402061855
MA,MA-2,MA-2-0,PE-16,291,12,0.041237113402061855
MA,MA-2,MA-2-0,SA-12,291,12,0.041237113402061855
MA,MA-2,MA-2-0,SI-2,291,12,0.041237113402061855
MA,MA-2,MA-2-2,CA-7,291,12,0.041237113402061855
MA,MA-2,MA-2-2,MA-3,291,12,0.041237113402061855
MA,MA-3,MA-3-0,MA-2,291,12,0.041237113402061855
MA,MA-3,MA-3-0,MA-5,291,12,0.041237113402061855
MA,MA-3,MA-3-0,MP-6,291,12,0.041237113402061855
MA,MA-3,MA-3-1,SI-7,291,12,0.041237113402061855
MA,MA-3,MA-3-2,SI-3,291,12,0.041237113402061855
MA,MA-4,MA-4-0,AC-2,291,12,0.041237113402061855
MA,MA-4,MA-4-0,AC-3,291,12,0.041237113402061855
MA,MA-4,MA-4-0,AC-6,291,12,0.041237113402061855
MA,MA-4,MA-4-0,AC-17,291,12,0.041237113402061855
MA,MA-4,MA-4-0,AU-2,291,12,0.041237113402061855
MA,MA-4,MA-4-0,AU-3,291,12,0.041237113402061855
MA,MA-4,MA-4-0,IA-2,291,12,0.041237113402061855
MA,MA-4,MA-4-0,IA-4,291,12,0.041237113402061855
MA,MA-4,MA-4-0,IA-5,291,12,0.041237113402061855
MA,MA-4,MA-4-0,IA-8,291,12,0.041237113402061855
MA,MA-4,MA-4-0,MA-2,291,12,0.041237113402061855
MA,MA-4,MA-4-0,MA-5,291,12,0.041237113402061855
MA,MA-4,MA-4-0,MP-6,291,12,0.041237113402061855
MA,MA-4,MA-4-0,PL-2,291,12,0.041237113402061855
MA,MA-4,MA-4-0,SC-7,291,12,0.041237113402061855
MA,MA-4,MA-4-0,SC-10,291,12,0.041237113402061855
MA,MA-4,MA-4-0,SC-17,291,12,0.041237113402061855
MA,MA-4,MA-4-3,MA-3,291,12,0.041237113402061855
MA,MA-4,MA-4-3,SA-12,291,12,0.041237113402061855
MA,MA-4,MA-4-3,SI-3,291,12,0.041237113402061855
MA,MA-4,MA-4-3,SI-7,291,12,0.041237113402061855
MA,MA-4,MA-4-6,SC-8,291,12,0.041237113402061855
MA,MA-4,MA-4-6,SC-13,291,12,0.041237113402061855
MA,MA-5,MA-5-0,AC-2,291,12,0.041237113402061855
MA,MA-5,MA-5-0,IA-8,291,12,0.041237113402061855
MA,MA-5,MA-5-0,MP-2,291,12,0.041237113402061855
MA,MA-5,MA-5-0,PE-2,291,12,0.041237113402061855
MA,MA-5,MA-5-0,PE-3,291,12,0.041237113402061855
MA,MA-5,MA-5-0,PE-4,291,12,0.041237113402061855
MA,MA-5,MA-5-0,RA-3,291,12,0.041237113402061855
MA,MA-5,MA-5-1,MP-6,291,12,0.041237113402061855
MA,MA-5,MA-5-1,PL-2,291,12,0.041237113402061855
MA,MA-6,MA-6-0,CM-8,291,12,0.041237113402061855
MA,MA-6,MA-6-0,CP-2,291,12,0.041237113402061855
MA,MA-6,MA-6-0,CP-7,291,12,0.041237113402061855
MA,MA-6,MA-6-0,SA-14,291,12,0.041237113402061855
MA,MA-6,MA-6-0,SA-15,291,12,0.041237113402061855
CA,CA-1,CA-1-0,PM-9,291,11,0.037800687285223365
CA,CA-2,CA-2-0,CA-5,291,11,0.037800687285223365
CA,CA-2,CA-2-0,CA-6,291,11,0.037800687285223365
CA,CA-2,CA-2-0,CA-7,291,11,0.037800687285223365
CA,CA-2,CA-2-0,PM-9,291,11,0.037800687285223365
CA,CA-2,CA-2-0,RA-5,291,11,0.037800687285223365
CA,CA-2,CA-2-0,SA-11,291,11,0.037800687285223365
CA,CA-2,CA-2-0,SA-12,291,11,0.037800687285223365
CA,CA-2,CA-2-0,SI-4,291,11,0.037800687285223365
CA,CA-2,CA-2-2,PE-3,291,11,0.037800687285223365
CA,CA-2,CA-2-2,SI-2,291,11,0.037800687285223365
CA,CA-3,CA-3-0,AC-3,291,11,0.037800687285223365
CA,CA-3,CA-3-0,AC-4,291,11,0.037800687285223365
CA,CA-3,CA-3-0,AC-20,291,11,0.037800687285223365
CA,CA-3,CA-3-0,AU-2,291,11,0.037800687285223365
CA,CA-3,CA-3-0,AU-12,291,11,0.037800687285223365
CA,CA-3,CA-3-0,AU-16,291,11,0.037800687285223365
CA,CA-3,CA-3-0,CA-7,291,11,0.037800687285223365
CA,CA-3,CA-3-0,IA-3,291,11,0.037800687285223365
CA,CA-3,CA-3-0,SA-9,291,11,0.037800687285223365
CA,CA-3,CA-3-0,SC-7,291,11,0.037800687285223365
CA,CA-3,CA-3-0,SI-4,291,11,0.037800687285223365
CA,CA-3,CA-3-5,CM-7,291,11,0.037800687285223365
CA,CA-5,CA-5-0,CA-2,291,11,0.037800687285223365
CA,CA-5,CA-5-0,CA-7,291,11,0.037800687285223365
CA,CA-5,CA-5-0,CM-4,291,11,0.037800687285223365
CA,CA-5,CA-5-0,PM-4,291,11,0.037800687285223365
CA,CA-6,CA-6-0,CA-2,291,11,0.037800687285223365
CA,CA-6,CA-6-0,CA-7,291,11,0.037800687285223365
CA,CA-6,CA-6-0,PM-9,291,11,0.037800687285223365
CA,CA-6,CA-6-0,PM-10,291,11,0.037800687285223365
CA,CA-7,CA-7-0,CA-2,291,11,0.037800687285223365
CA,CA-7,CA-7-0,CA-5,291,11,0.037800687285223365
CA,CA-7,CA-7-0,CA-6,291,11,0.037800687285223365
CA,CA-7,CA-7-0,CM-3,291,11,0.037800687285223365
CA,CA-7,CA-7-0,CM-4,291,11,0.037800687285223365
CA,CA-7,CA-7-0,PM-6,291,11,0.037800687285223365
CA,CA-7,CA-7-0,PM-9,291,11,0.037800687285223365
CA,CA-7,CA-7-0,RA-5,291,11,0.037800687285223365
CA,CA-7,CA-7-0,SA-11,291,11,0.037800687285223365
CA,CA-7,CA-7-0,SA-12,291,11,0.037800687285223365
CA,CA-7,CA-7-0,SI-2,291,11,0.037800687285223365
CA,CA-7,CA-7-0,SI-4,291,11,0.037800687285223365
CA,CA-8,CA-8-0,SA-12,291,11,0.037800687285223365
CA,CA-8,CA-8-1,CA-2,291,11,0.037800687285223365
CA,CA-9,CA-9-0,AC-3,291,11,0.037800687285223365
CA,CA-9,CA-9-0,AC-4,291,11,0.037800687285223365
CA,CA-9,CA-9-0,AC-18,291,11,0.037800687285223365
CA,CA-9,CA-9-0,AC-19,291,11,0.037800687285223365
CA,CA-9,CA-9-0,AU-2,291,11,0.037800687285223365
CA,CA-9,CA-9-0,AU-12,291,11,0.037800687285223365
CA,CA-9,CA-9-0,CA-7,291,11,0.037800687285223365
CA,CA-9,CA-9-0,CM-2,291,11,0.037800687285223365
CA,CA-9,CA-9-0,IA-3,291,11,0.037800687285223365
CA,CA-9,CA-9-0,SC-7,291,11,0.037800687285223365
CA,CA-9,CA-9-0,SI-4,291,11,0.037800687285223365
IR,IR-1,IR-1-0,PM-9,291,11,0.037800687285223365
IR,IR-2,IR-2-0,AT-3,291,11,0.037800687285223365
IR,IR-2,IR-2-0,CP-3,291,11,0.037800687285223365
IR,IR-2,IR-2-0,IR-8,291,11,0.037800687285223365
IR,IR-3,IR-3-0,CP-4,291,11,0.037800687285223365
IR,IR-3,IR-3-0,IR-8,291,11,0.037800687285223365
IR,IR-4,IR-4-0,AU-6,291,11,0.037800687285223365
IR,IR-4,IR-4-0,CM-6,291,11,0.037800687285223365
IR,IR-4,IR-4-0,CP-2,291,11,0.037800687285223365
IR,IR-4,IR-4-0,CP-4,291,11,0.037800687285223365
IR,IR-4,IR-4-0,IR-2,291,11,0.037800687285223365
IR,IR-4,IR-4-0,IR-3,291,11,0.037800687285223365
IR,IR-4,IR-4-0,IR-8,291,11,0.037800687285223365
IR,IR-4,IR-4-0,PE-6,291,11,0.037800687285223365
IR,IR-4,IR-4-0,SC-5,291,11,0.037800687285223365
IR,IR-4,IR-4-0,SC-7,291,11,0.037800687285223365
IR,IR-4,IR-4-0,SI-3,291,11,0.037800687285223365
IR,IR-4,IR-4-0,SI-4,291,11,0.037800687285223365
IR,IR-4,IR-4-0,SI-7,291,11,0.037800687285223365
IR,IR-4,IR-4-2,AC-2,291,11,0.037800687285223365
IR,IR-4,IR-4-2,AC-4,291,11,0.037800687285223365
IR,IR-4,IR-4-2,AC-16,291,11,0.037800687285223365
IR,IR-4,IR-4-2,CM-2,291,11,0.037800687285223365
IR,IR-4,IR-4-2,CM-3,291,11,0.037800687285223365
IR,IR-4,IR-4-2,CM-4,291,11,0.037800687285223365
IR,IR-5,IR-5-0,AU-6,291,11,0.037800687285223365
IR,IR-5,IR-5-0,IR-8,291,11,0.037800687285223365
IR,IR-5,IR-5-0,PE-6,291,11,0.037800687285223365
IR,IR-5,IR-5-0,SC-5,291,11,0.037800687285223365
IR,IR-5,IR-5-0,SC-7,291,11,0.037800687285223365
IR,IR-5,IR-5-0,SI-3,291,11,0.037800687285223365
IR,IR-5,IR-5-0,SI-4,291,11,0.037800687285223365
IR,IR-5,IR-5-0,SI-7,291,11,0.037800687285223365
IR,IR-5,IR-5-1,AU-7,291,11,0.037800687285223365
IR,IR-5,IR-5-1,IR-4,291,11,0.037800687285223365
IR,IR-6,IR-6-0,IR-4,291,11,0.037800687285223365
IR,IR-6,IR-6-0,IR-5,291,11,0.037800687285223365
IR,IR-6,IR-6-0,IR-8,291,11,0.037800687285223365
IR,IR-6,IR-6-1,IR-7,291,11,0.037800687285223365
IR,IR-7,IR-7-0,AT-2,291,11,0.037800687285223365
IR,IR-7,IR-7-0,IR-4,291,11,0.037800687285223365
IR,IR-7,IR-7-0,IR-6,291,11,0.037800687285223365
IR,IR-7,IR-7-0,IR-8,291,11,0.037800687285223365
IR,IR-7,IR-7-0,SA-9,291,11,0.037800687285223365
IR,IR-8,IR-8-0,MP-2,291,11,0.037800687285223365
IR,IR-8,IR-8-0,MP-4,291,11,0.037800687285223365
IR,IR-8,IR-8-0,MP-5,291,11,0.037800687285223365
MP,MP-1,MP-1-0,PM-9,291,11,0.037800687285223365
MP,MP-2,MP-2-0,AC-3,291,11,0.037800687285223365
MP,MP-2,MP-2-0,IA-2,291,11,0.037800687285223365
MP,MP-2,MP-2-0,MP-4,291,11,0.037800687285223365
MP,MP-2,MP-2-0,PE-2,291,11,0.037800687285223365
MP,MP-2,MP-2-0,PE-3,291,11,0.037800687285223365
MP,MP-2,MP-2-0,PL-2,291,11,0.037800687285223365
MP,MP-3,MP-3-0,AC-16,291,11,0.037800687285223365
MP,MP-3,MP-3-0,PL-2,291,11,0.037800687285223365
MP,MP-3,MP-3-0,RA-3,291,11,0.037800687285223365
MP,MP-4,MP-4-0,CP-6,291,11,0.037800687285223365
MP,MP-4,MP-4-0,CP-9,291,11,0.037800687285223365
MP,MP-4,MP-4-0,MP-2,291,11,0.037800687285223365
MP,MP-4,MP-4-0,MP-7,291,11,0.037800687285223365
MP,MP-4,MP-4-0,PE-3,291,11,0.037800687285223365
MP,MP-5,MP-5-0,AC-19,291,11,0.037800687285223365
MP,MP-5,MP-5-0,CP-9,291,11,0.037800687285223365
MP,MP-5,MP-5-0,MP-3,291,11,0.037800687285223365
MP,MP-5,MP-5-0,MP-4,291,11,0.037800687285223365
MP,MP-5,MP-5-0,RA-3,291,11,0.037800687285223365
MP,MP-5,MP-5-0,SC-8,291,11,0.037800687285223365
MP,MP-5,MP-5-0,SC-13,291,11,0.037800687285223365
MP,MP-5,MP-5-0,SC-28,291,11,0.037800687285223365
MP,MP-5,MP-5-4,MP-2,291,11,0.037800687285223365
MP,MP-6,MP-6-0,MA-2,291,11,0.037800687285223365
MP,MP-6,MP-6-0,MA-4,291,11,0.037800687285223365
MP,MP-6,MP-6-0,RA-3,291,11,0.037800687285223365
MP,MP-6,MP-6-0,SC-4,291,11,0.037800687285223365
MP,MP-6,MP-6-1,SI-12,291,11,0.037800687285223365
MP,MP-6,MP-6-3,SI-3,291,11,0.037800687285223365
MP,MP-7,MP-7-0,AC-19,291,11,0.037800687285223365
MP,MP-7,MP-7-0,PL-4,291,11,0.037800687285223365
MP,MP-7,MP-7-1,PL-4,291,11,0.037800687285223365
RA,RA-1,RA-1-0,PM-9,291,9,0.030927835051546393
RA,RA-2,RA-2-0,CM-8,291,9,0.030927835051546393
RA,RA-2,RA-2-0,MP-4,291,9,0.030927835051546393
RA,RA-2,RA-2-0,RA-3,291,9,0.030927835051546393
RA,RA-2,RA-2-0,SC-7,291,9,0.030927835051546393
RA,RA-3,RA-3-0,RA-2,291,9,0.030927835051546393
RA,RA-3,RA-3-0,PM-9,291,9,0.030927835051546393
RA,RA-5,RA-5-0,CA-2,291,9,0.030927835051546393
RA,RA-5,RA-5-0,CA-7,291,9,0.030927835051546393
RA,RA-5,RA-5-0,CM-4,291,9,0.030927835051546393
RA,RA-5,RA-5-0,CM-6,291,9,0.030927835051546393
RA,RA-5,RA-5-0,RA-2,291,9,0.030927835051546393
RA,RA-5,RA-5-0,RA-3,291,9,0.030927835051546393
RA,RA-5,RA-5-0,SA-11,291,9,0.030927835051546393
RA,RA-5,RA-5-0,SI-2,291,9,0.030927835051546393
RA,RA-5,RA-5-1,SI-3,291,9,0.030927835051546393
RA,RA-5,RA-5-1,SI-7,291,9,0.030927835051546393
RA,RA-5,RA-5-2,SI-3,291,9,0.030927835051546393
RA,RA-5,RA-5-2,SI-5,291,9,0.030927835051546393
RA,RA-5,RA-5-4,AU-13,291,9,0.030927835051546393
RA,RA-5,RA-5-6,IR-4,291,9,0.030927835051546393
RA,RA-5,RA-5-6,IR-5,291,9,0.030927835051546393
RA,RA-5,RA-5-6,SI-4,291,9,0.030927835051546393
RA,RA-5,RA-5-8,AU-6,291,9,0.030927835051546393
PS,PS-1,PS-1-0,PM-9,291,8,0.027491408934707903
PS,PS-2,PS-2-0,AT-3,291,8,0.027491408934707903
PS,PS-2,PS-2-0,PL-2,291,8,0.027491408934707903
PS,PS-2,PS-2-0,PS-3,291,8,0.027491408934707903
PS,PS-3,PS-3-0,AC-2,291,8,0.027491408934707903
PS,PS-3,PS-3-0,IA-4,291,8,0.027491408934707903
PS,PS-3,PS-3-0,PE-2,291,8,0.027491408934707903
PS,PS-3,PS-3-0,PS-2,291,8,0.027491408934707903
PS,PS-4,PS-4-0,AC-2,291,8,0.027491408934707903
PS,PS-4,PS-4-0,IA-4,291,8,0.027491408934707903
PS,PS-4,PS-4-0,PE-2,291,8,0.027491408934707903
PS,PS-4,PS-4-0,PS-5,291,8,0.027491408934707903
PS,PS-4,PS-4-0,PS-6,291,8,0.027491408934707903
PS,PS-5,PS-5-0,AC-2,291,8,0.027491408934707903
PS,PS-5,PS-5-0,IA-4,291,8,0.027491408934707903
PS,PS-5,PS-5-0,PE-2,291,8,0.027491408934707903
PS,PS-5,PS-5-0,PS-4,291,8,0.027491408934707903
PS,PS-6,PS-6-0,PL-4,291,8,0.027491408934707903
PS,PS-6,PS-6-0,PS-2,291,8,0.027491408934707903
PS,PS-6,PS-6-0,PS-3,291,8,0.027491408934707903
PS,PS-6,PS-6-0,PS-4,291,8,0.027491408934707903
PS,PS-6,PS-6-0,PS-8,291,8,0.027491408934707903
PS,PS-7,PS-7-0,PS-2,291,8,0.027491408934707903
PS,PS-7,PS-7-0,PS-3,291,8,0.027491408934707903
PS,PS-7,PS-7-0,PS-4,291,8,0.027491408934707903
PS,PS-7,PS-7-0,PS-5,291,8,0.027491408934707903
PS,PS-7,PS-7-0,PS-6,291,8,0.027491408934707903
PS,PS-7,PS-7-0,SA-9,291,8,0.027491408934707903
PS,PS-7,PS-7-0,SA-21,291,8,0.027491408934707903
PS,PS-8,PS-8-0,PL-4,291,8,0.027491408934707903
PS,PS-8,PS-8-0,PS-6,291,8,0.027491408934707903
AT,AT-1,AT-1-0,PM-9,291,5,0.01718213058419244
AT,AT-2,AT-2-0,AT-3,291,5,0.01718213058419244
AT,AT-2,AT-2-0,AT-4,291,5,0.01718213058419244
AT,AT-2,AT-2-0,PL-4,291,5,0.01718213058419244
AT,AT-2,AT-2-2,PL-4,291,5,0.01718213058419244
AT,AT-2,AT-2-2,PM-12,291,5,0.01718213058419244
AT,AT-2,AT-2-2,PS-3,291,5,0.01718213058419244
AT,AT-2,AT-2-2,PS-6,291,5,0.01718213058419244
AT,AT-3,AT-3-0,AT-2,291,5,0.01718213058419244
AT,AT-3,AT-3-0,AT-4,291,5,0.01718213058419244
AT,AT-3,AT-3-0,PL-4,291,5,0.01718213058419244
AT,AT-3,AT-3-0,PS-7,291,5,0.01718213058419244
AT,AT-3,AT-3-0,SA-3,291,5,0.01718213058419244
AT,AT-3,AT-3-0,SA-12,291,5,0.01718213058419244
AT,AT-3,AT-3-0,SA-16,291,5,0.01718213058419244
AT,AT-4,AT-4-0,AT-2,291,5,0.01718213058419244
AT,AT-4,AT-4-0,AT-3,291,5,0.01718213058419244
AT,AT-4,AT-4-0,PM-14,291,5,0.01718213058419244
PL,PL-1,PL-1-0,PM-9,291,5,0.01718213058419244
PL,PL-2,PL-2-0,AC-2,291,5,0.01718213058419244
PL,PL-2,PL-2-0,AC-6,291,5,0.01718213058419244
PL,PL-2,PL-2-0,AC-14,291,5,0.01718213058419244
PL,PL-2,PL-2-0,AC-17,291,5,0.01718213058419244
PL,PL-2,PL-2-0,AC-20,291,5,0.01718213058419244
PL,PL-2,PL-2-0,CA-2,291,5,0.01718213058419244
PL,PL-2,PL-2-0,CA-3,291,5,0.01718213058419244
PL,PL-2,PL-2-0,CA-7,291,5,0.01718213058419244
PL,PL-2,PL-2-0,CM-9,291,5,0.01718213058419244
PL,PL-2,PL-2-0,CP-2,291,5,0.01718213058419244
PL,PL-2,PL-2-0,IR-8,291,5,0.01718213058419244
PL,PL-2,PL-2-0,MA-4,291,5,0.01718213058419244
PL,PL-2,PL-2-0,MA-5,291,5,0.01718213058419244
PL,PL-2,PL-2-0,MP-2,291,5,0.01718213058419244
PL,PL-2,PL-2-0,MP-4,291,5,0.01718213058419244
PL,PL-2,PL-2-0,MP-5,291,5,0.01718213058419244
PL,PL-2,PL-2-0,PL-7,291,5,0.01718213058419244
PL,PL-2,PL-2-0,PM-1,291,5,0.01718213058419244
PL,PL-2,PL-2-0,PM-7,291,5,0.01718213058419244
PL,PL-2,PL-2-0,PM-8,291,5,0.01718213058419244
PL,PL-2,PL-2-0,PM-9,291,5,0.01718213058419244
PL,PL-2,PL-2-0,PM-11,291,5,0.01718213058419244
PL,PL-2,PL-2-0,SA-5,291,5,0.01718213058419244
PL,PL-2,PL-2-0,SA-17,291,5,0.01718213058419244
PL,PL-2,PL-2-3,CP-4,291,5,0.01718213058419244
PL,PL-2,PL-2-3,IR-4,291,5,0.01718213058419244
PL,PL-4,PL-4-0,AC-2,291,5,0.01718213058419244
PL,PL-4,PL-4-0,AC-6,291,5,0.01718213058419244
PL,PL-4,PL-4-0,AC-8,291,5,0.01718213058419244
PL,PL-4,PL-4-0,AC-9,291,5,0.01718213058419244
PL,PL-4,PL-4-0,AC-17,291,5,0.01718213058419244
PL,PL-4,PL-4-0,AC-18,291,5,0.01718213058419244
PL,PL-4,PL-4-0,AC-19,291,5,0.01718213058419244
PL,PL-4,PL-4-0,AC-20,291,5,0.01718213058419244
PL,PL-4,PL-4-0,AT-2,291,5,0.01718213058419244
PL,PL-4,PL-4-0,AT-3,291,5,0.01718213058419244
PL,PL-4,PL-4-0,CM-11,291,5,0.01718213058419244
PL,PL-4,PL-4-0,IA-2,291,5,0.01718213058419244
PL,PL-4,PL-4-0,IA-4,291,5,0.01718213058419244
PL,PL-4,PL-4-0,IA-5,291,5,0.01718213058419244
PL,PL-4,PL-4-0,MP-7,291,5,0.01718213058419244
PL,PL-4,PL-4-0,PS-6,291,5,0.01718213058419244
PL,PL-4,PL-4-0,PS-8,291,5,0.01718213058419244
PL,PL-4,PL-4-0,SA-5,291,5,0.01718213058419244
PL,PL-8,PL-8-0,CM-2,291,5,0.01718213058419244
PL,PL-8,PL-8-0,CM-6,291,5,0.01718213058419244
PL,PL-8,PL-8-0,PL-2,291,5,0.01718213058419244
PL,PL-8,PL-8-0,PM-7,291,5,0.01718213058419244
PL,PL-8,PL-8-0,SA-5,291,5,0.01718213058419244
PL,PL-8,PL-8-0,SA-17,291,5,0.01718213058419244
